Query_ID	Target_ID	Optimal_offset	p-value	E-value	q-value	Overlap	Query_consensus	Target_consensus	Orientation
TYGAGGTYTTCGRATACGYYMTSGAYAAS	MA0404.1	-10	0.00321124	0.574812	0.613623	8	TCGAGGTCTTCGGATACGCCCTGGACAAC	CGGATCCG	-
TGGCAYGARCTSTGGCABGAAGGYYTGGA	MA0335.1	-7	0.00545438	0.976335	1	8	TGGCATGAGCTCTGGCATGAAGGCTTGGA	AACTGTGG	+
TTRACTCSCATGYTGACHTTCGCCATGGA	MA0368.1	-20	0.00442325	0.791761	0.999995	7	TTGACTCGCATGTTGACCTTCGCCATGGA	CGCCAAG	+
GAYKAYGACAAYCTBACYCTSATGCARAA	MA0295.1	-20	0.00479196	0.857761	1	8	GATTACGACAACCTCACCCTGATGCAAAA	GACGCAAA	+
GGHGAYCAYDAYRTRGAGGGCATGTTTGC	MA0406.1	-17	0.000885051	0.158424	0.316661	8	GGTGACCATAATGTGGAGGGCATGTTTGC	GGGAATGT	-
GGHGAYCAYDAYRTRGAGGGCATGTTTGC	MA0405.1	-15	0.00411002	0.735693	0.735259	8	GGTGACCATAATGTGGAGGGCATGTTTGC	GCGGGCAT	+
RGATSTGTWYCRHGWTCTGTGGCWCAARA	MA0332.1	-16	2.33456e-05	0.00417886	0.0083528	6	GGATCTGTACCGTGTTCTGTGGCTCAAGA	CTGTGG	+
RGATSTGTWYCRHGWTCTGTGGCWCAARA	MA0334.1	-17	0.00380408	0.68093	0.680529	7	GGATCTGTACCGTGTTCTGTGGCTCAAGA	TGTGGCG	-
TYGAACRKCGBMYHATGCTGCAGATGGCG	MA0355.1	-15	0.000787206	0.14091	0.28182	10	TCGAACATCGTATCATGCTGCAGATGGCG	TGCTGCAGGT	-
CAAGGATKCCSTYATGGCYGTYCTGGAAGC	MA0305.1	-23	0.00041108	0.0735834	0.14708	7	CAAGGATTCCCTTATGGCCGTTCTGGAAGC	AGGAAGC	-
CAAGGATKCCSTYATGGCYGTYCTGGAAGC	MA0304.1	-23	0.000885084	0.15843	0.158337	7	CAAGGATTCCCTTATGGCCGTTCTGGAAGC	TGGAAGCC	+

# Tomtom (Motif Comparison Tool): Version 5.4.1 compiled on Dec 30 2021 at 18:23:44
# The format of this file is described at https://meme-suite.org/meme/doc/tomtom-output-format.html.
# tomtom -verbosity 1 -oc meme_output/meme_tomtom_out -min-overlap 5 -dist pearson -evalue -thresh 1 -no-ssc meme_output/meme_out/meme.xml JASPAR2022_CORE_fungi_non-redundant_pfms_meme.txt
